{
  "accuracy": 0.3958333333333333,
  "correct": 380,
  "total": 960,
  "prob_accuracy": 0.18841631912897963
}